Account length,Area code,Number vmail messages,Total day minutes,Total day calls,Total day charge,Total eve minutes,Total eve calls,Total eve charge,Total night minutes,Total night calls,Total night charge,Total intl minutes,Total intl calls,Total intl charge,Customer service calls,State_AL,State_AR,State_AZ,State_CA,State_CO,State_CT,State_DC,State_DE,State_FL,State_GA,State_HI,State_IA,State_ID,State_IL,State_IN,State_KS,State_KY,State_LA,State_MA,State_MD,State_ME,State_MI,State_MN,State_MO,State_MS,State_MT,State_NC,State_ND,State_NE,State_NH,State_NJ,State_NM,State_NV,State_NY,State_OH,State_OK,State_OR,State_PA,State_RI,State_SC,State_SD,State_TN,State_TX,State_UT,State_VA,State_VT,State_WA,State_WI,State_WV,State_WY,International plan_Yes,Voice mail plan_Yes,Actual_Churn,Predicted_Churn
114,408,0,203.8,85,34.65,87.8,110,7.46,166.2,122,7.48,11.7,4,3.16,1,False,False,False,False,False,False,False,False,False,False,False,False,False,False,True,False,False,False,False,False,False,False,False,False,False,False,False,False,False,False,False,False,False,False,False,False,False,False,False,False,False,False,False,False,False,False,False,False,False,False,False,False,0,0
151,415,26,196.5,98,33.41,175.8,111,14.94,221.8,124,9.98,13.4,5,3.62,0,False,False,False,False,False,False,False,False,False,False,False,False,False,False,False,False,False,False,False,False,True,False,False,False,False,False,False,False,False,False,False,False,False,False,False,False,False,False,False,False,False,False,False,False,False,False,False,False,False,False,False,True,0,0
142,510,40,230.7,101,39.22,256.8,88,21.83,263.9,92,11.88,6.4,3,1.73,1,False,False,False,False,False,False,False,False,False,False,False,False,False,False,False,False,False,False,False,False,False,False,False,False,False,False,False,False,False,False,False,False,False,False,False,False,False,True,False,False,False,False,False,False,False,False,False,False,False,False,False,True,0,0
130,415,0,155.9,95,26.5,256.1,97,21.77,262.9,103,11.83,11.7,3,3.16,3,False,False,False,False,False,False,False,False,False,False,False,False,False,True,False,False,False,False,False,False,False,False,False,False,False,False,False,False,False,False,False,False,False,False,False,False,False,False,False,False,False,False,False,False,False,False,False,False,False,False,False,False,0,1
105,408,0,232.6,96,39.54,253.4,117,21.54,154.0,101,6.93,10.5,9,2.84,1,False,False,False,False,False,False,False,False,False,False,False,False,True,False,False,False,False,False,False,False,False,False,False,False,False,False,False,False,False,False,False,False,False,False,False,False,False,False,False,False,False,False,False,False,False,False,False,False,False,False,False,False,0,0
134,415,0,141.7,95,24.09,205.6,101,17.48,218.5,60,9.83,8.8,6,2.38,0,False,False,False,False,False,False,False,False,False,False,False,False,False,False,False,False,False,False,False,False,False,False,False,False,False,False,False,False,False,False,False,False,False,False,False,False,False,False,True,False,False,False,False,False,False,False,False,False,False,False,False,False,0,0
91,415,0,153.0,123,26.01,141.1,127,11.99,171.5,76,7.72,10.3,15,2.78,1,False,False,False,False,False,False,False,False,False,False,False,False,False,False,False,False,False,False,False,False,False,False,False,False,False,False,False,False,False,False,False,False,False,False,False,False,False,False,False,False,True,False,False,False,False,False,False,False,False,False,False,False,1,0
104,415,0,144.5,107,24.57,180.5,85,15.34,226.0,94,10.17,17.0,6,4.59,2,False,False,False,False,False,False,False,False,False,False,False,False,False,False,False,False,False,False,False,False,False,False,False,False,False,False,False,False,False,False,False,False,False,False,False,False,False,True,False,False,False,False,False,False,False,False,False,False,False,False,False,False,0,0
104,415,0,225.9,123,38.4,162.8,106,13.84,272.1,85,12.24,10.1,4,2.73,1,False,False,False,False,False,False,False,False,False,False,False,False,False,False,False,False,False,False,False,False,False,False,False,False,False,False,False,False,False,False,False,False,False,False,False,False,False,False,False,False,False,False,False,False,False,False,False,False,True,False,False,False,0,0
144,415,18,106.4,109,18.09,108.1,113,9.19,208.4,111,9.38,10.1,5,2.73,1,False,False,False,False,False,False,False,False,False,False,False,False,False,False,False,False,False,False,False,False,False,False,False,False,False,False,False,False,False,False,False,False,False,False,True,False,False,False,False,False,False,False,False,False,False,False,False,False,False,False,False,True,0,0
140,408,0,173.2,91,29.44,196.8,106,16.73,209.3,128,9.42,11.2,5,3.02,3,False,False,True,False,False,False,False,False,False,False,False,False,False,False,False,False,False,False,False,False,False,False,False,False,False,False,False,False,False,False,False,False,False,False,False,False,False,False,False,False,False,False,False,False,False,False,False,False,False,False,False,False,0,0
7,408,30,221.4,114,37.64,165.8,116,14.09,247.0,105,11.12,10.8,12,2.92,1,False,False,False,False,False,False,False,False,False,False,False,False,False,False,False,False,False,False,False,False,False,False,False,False,False,False,False,False,False,False,False,False,True,False,False,False,False,False,False,False,False,False,False,False,False,False,False,False,False,False,False,True,0,0
146,415,0,169.5,93,28.82,230.9,71,19.63,269.8,115,12.14,9.0,7,2.43,2,False,False,False,False,False,False,False,False,False,False,False,False,False,False,False,False,False,False,False,False,False,False,False,False,False,False,False,False,False,False,False,False,False,False,True,False,False,False,False,False,False,False,False,False,False,False,False,False,False,False,False,False,0,0
67,408,0,201.4,101,34.24,97.6,122,8.3,202.5,119,9.11,7.0,3,1.89,0,False,False,False,False,False,False,False,False,False,False,False,False,False,False,False,True,False,False,False,False,False,False,False,False,False,False,False,False,False,False,False,False,False,False,False,False,False,False,False,False,False,False,False,False,False,False,False,False,False,False,False,False,0,0
104,415,0,156.2,93,26.55,193.0,54,16.41,222.7,94,10.02,13.1,5,3.54,1,False,False,False,False,False,False,False,False,False,False,False,False,False,False,False,False,False,False,False,False,False,False,False,False,False,False,False,False,False,False,False,False,False,True,False,False,False,False,False,False,False,False,False,False,False,False,False,False,False,False,False,False,0,0
121,408,35,68.7,95,11.68,209.2,69,17.78,197.4,42,8.88,11.4,4,3.08,1,True,False,False,False,False,False,False,False,False,False,False,False,False,False,False,False,False,False,False,False,False,False,False,False,False,False,False,False,False,False,False,False,False,False,False,False,False,False,False,False,False,False,False,False,False,False,False,False,False,False,False,True,0,0
81,415,0,198.4,93,33.73,210.9,108,17.93,193.3,71,8.7,10.4,6,2.81,2,False,False,False,False,False,False,False,False,False,False,False,False,False,False,False,False,False,False,False,False,False,False,True,False,False,False,False,False,False,False,False,False,False,False,False,False,False,False,False,False,False,False,False,False,False,False,False,False,False,False,False,False,0,0
90,408,0,109.9,102,18.68,220.8,114,18.77,104.0,133,4.68,10.9,6,2.94,0,False,False,False,False,True,False,False,False,False,False,False,False,False,False,False,False,False,False,False,False,False,False,False,False,False,False,False,False,False,False,False,False,False,False,False,False,False,False,False,False,False,False,False,False,False,False,False,False,False,False,False,False,0,0
148,415,11,252.9,129,42.99,284.3,88,24.17,262.8,99,11.83,12.3,1,3.32,1,False,False,False,False,False,False,True,False,False,False,False,False,False,False,False,False,False,False,False,False,False,False,False,False,False,False,False,False,False,False,False,False,False,False,False,False,False,False,False,False,False,False,False,False,False,False,False,False,False,False,False,True,0,0
103,510,36,87.2,92,14.82,169.3,110,14.39,166.7,80,7.5,10.9,5,2.94,6,False,False,False,False,False,False,False,False,False,False,False,False,False,False,False,False,False,False,False,False,False,False,False,False,False,False,False,False,False,False,False,False,False,False,False,False,False,False,False,False,False,False,False,True,False,False,False,False,False,False,False,True,1,0
69,510,0,279.8,90,47.57,248.7,91,21.14,171.0,118,7.69,8.4,10,2.27,2,False,False,False,False,False,False,False,False,False,False,False,False,False,False,False,False,False,False,False,False,False,False,False,False,False,False,False,False,False,False,False,False,False,False,False,False,False,False,False,False,False,False,False,False,False,False,False,True,False,False,True,False,1,1
120,415,0,177.2,88,30.12,270.4,99,22.98,231.5,90,10.42,14.0,2,3.78,2,False,False,False,False,False,False,False,False,False,False,False,False,False,False,False,False,False,False,False,False,False,False,False,False,False,False,False,True,False,False,False,False,False,False,False,False,False,False,False,False,False,False,False,False,False,False,False,False,False,False,False,False,0,0
127,510,0,224.3,112,38.13,185.7,103,15.78,159.4,83,7.17,10.0,1,2.7,2,False,False,False,False,False,False,False,False,False,False,False,False,False,False,False,False,False,False,False,False,False,False,False,False,False,False,False,False,False,False,False,False,False,False,False,False,False,False,False,False,False,False,False,False,False,False,False,False,True,False,False,False,0,0
142,415,0,232.5,74,39.53,181.8,142,15.45,203.1,86,9.14,10.4,6,2.81,4,False,False,False,False,False,False,False,False,False,False,False,False,False,False,False,False,False,False,False,False,False,False,False,False,False,False,False,False,False,False,False,False,False,False,False,False,False,False,False,False,False,False,False,False,False,True,False,False,False,False,False,False,0,0
120,415,0,131.7,99,22.39,163.1,109,13.86,201.1,116,9.05,10.7,3,2.89,1,False,False,False,False,False,False,False,False,False,False,False,False,False,False,False,False,False,False,False,False,False,False,False,False,True,False,False,False,False,False,False,False,False,False,False,False,False,False,False,False,False,False,False,False,False,False,False,False,False,False,False,False,0,0
79,415,0,236.8,135,40.26,186.4,87,15.84,126.9,112,5.71,10.4,5,2.81,2,False,False,False,False,False,False,False,False,False,False,False,False,False,False,False,False,True,False,False,False,False,False,False,False,False,False,False,False,False,False,False,False,False,False,False,False,False,False,False,False,False,False,False,False,False,False,False,False,False,False,False,False,0,0
73,415,0,137.1,102,23.31,210.8,114,17.92,191.4,120,8.61,11.1,4,3.0,1,False,False,False,False,False,False,False,False,False,False,False,True,False,False,False,False,False,False,False,False,False,False,False,False,False,False,False,False,False,False,False,False,False,False,False,False,False,False,False,False,False,False,False,False,False,False,False,False,False,False,False,False,0,0
99,408,0,54.8,92,9.32,173.0,103,14.71,195.1,125,8.78,7.5,3,2.03,1,False,False,False,False,False,False,False,False,False,False,False,False,False,False,False,False,False,False,False,False,False,False,False,False,False,False,False,False,False,False,False,False,False,False,False,False,False,False,False,False,False,True,False,False,False,False,False,False,False,False,False,False,0,0
182,415,0,176.1,90,29.94,174.9,106,14.87,234.7,134,10.56,9.7,4,2.62,1,False,False,False,False,False,False,False,False,False,False,False,False,False,False,False,False,False,False,False,False,False,False,False,False,False,False,False,False,False,False,False,False,False,False,False,False,False,False,False,False,False,False,False,False,True,False,False,False,False,False,False,False,0,0
64,415,0,97.2,80,16.52,186.2,90,15.83,189.0,92,8.5,10.4,6,2.81,2,False,False,False,False,False,False,False,False,False,False,False,False,False,False,False,False,False,False,False,False,False,False,False,False,False,False,False,False,False,False,False,False,True,False,False,False,False,False,False,False,False,False,False,False,False,False,False,False,False,False,False,False,0,0
103,415,0,189.8,110,32.27,115.5,83,9.82,191.3,103,8.61,12.2,4,3.29,0,False,False,False,False,False,False,False,False,False,False,False,False,False,False,False,False,False,False,False,False,False,False,False,False,False,False,False,False,False,False,False,False,False,False,False,False,False,False,False,False,False,False,False,True,False,False,False,False,False,False,False,False,0,0
75,408,0,203.3,70,34.56,228.9,97,19.46,222.2,118,10.0,14.3,3,3.86,1,False,False,False,False,False,False,False,False,False,False,False,False,False,False,False,False,False,False,False,False,False,False,False,False,False,False,True,False,False,False,False,False,False,False,False,False,False,False,False,False,False,False,False,False,False,False,False,False,False,False,False,False,0,0
121,415,31,263.1,70,44.73,279.3,118,23.74,127.1,143,5.72,9.7,4,2.62,5,False,False,False,False,False,False,False,False,False,False,False,False,False,False,False,False,False,False,False,False,False,False,False,False,False,False,False,False,False,False,False,False,False,False,False,False,False,False,False,False,False,False,True,False,False,False,False,False,False,False,False,True,0,1
65,408,31,282.3,70,47.99,152.0,89,12.92,225.5,93,10.15,12.0,4,3.24,1,False,False,False,False,False,False,False,False,False,False,False,False,False,False,False,False,False,False,False,False,False,False,False,False,False,False,False,False,False,False,False,False,False,False,False,False,False,False,False,False,True,False,False,False,False,False,False,False,False,False,False,True,0,0
27,510,0,193.8,102,32.95,118.9,104,10.11,135.9,124,6.12,9.2,3,2.48,0,False,False,False,False,False,False,False,False,False,False,False,False,False,False,False,False,False,False,False,False,False,False,False,False,False,True,False,False,False,False,False,False,False,False,False,False,False,False,False,False,False,False,False,False,False,False,False,False,False,False,False,False,0,0
52,408,0,214.7,68,36.5,158.6,138,13.48,123.4,114,5.55,9.4,4,2.54,2,False,False,False,False,False,False,False,False,False,False,False,False,False,False,False,False,False,False,False,False,False,False,False,False,False,False,False,False,False,False,False,False,False,False,False,True,False,False,False,False,False,False,False,False,False,False,False,False,False,False,False,False,0,0
35,415,0,105.6,129,17.95,258.2,129,21.95,213.1,77,9.59,8.7,3,2.35,0,False,False,False,False,False,False,False,False,False,False,False,False,False,False,False,False,False,False,True,False,False,False,False,False,False,False,False,False,False,False,False,False,False,False,False,False,False,False,False,False,False,False,False,False,False,False,False,False,False,False,False,False,0,0
175,415,0,132.0,95,22.44,231.2,74,19.65,313.4,108,14.1,8.7,10,2.35,1,False,False,False,False,False,False,False,False,False,False,False,False,False,False,False,False,False,False,False,False,True,False,False,False,False,False,False,False,False,False,False,False,False,False,False,False,False,False,False,False,False,False,False,False,False,False,False,False,False,False,False,False,0,0
74,510,33,193.7,91,32.93,246.1,96,20.92,138.0,92,6.21,14.6,3,3.94,2,False,False,False,False,False,False,False,False,False,False,False,False,False,False,False,False,False,False,False,False,False,False,True,False,False,False,False,False,False,False,False,False,False,False,False,False,False,False,False,False,False,False,False,False,False,False,False,False,False,False,False,True,0,0
120,510,27,128.5,115,21.85,163.7,91,13.91,242.9,121,10.93,0.0,0,0.0,1,False,False,False,False,False,False,False,False,False,False,False,False,False,False,False,False,False,False,False,False,False,False,False,False,False,False,False,False,False,False,False,False,False,True,False,False,False,False,False,False,False,False,False,False,False,False,False,False,False,False,False,True,0,0
72,415,0,166.5,102,28.31,261.0,103,22.19,262.7,85,11.82,13.3,5,3.59,0,True,False,False,False,False,False,False,False,False,False,False,False,False,False,False,False,False,False,False,False,False,False,False,False,False,False,False,False,False,False,False,False,False,False,False,False,False,False,False,False,False,False,False,False,False,False,False,False,False,False,False,False,0,0
57,510,0,192.8,68,32.78,158.0,86,13.43,235.5,105,10.6,12.7,6,3.43,1,False,True,False,False,False,False,False,False,False,False,False,False,False,False,False,False,False,False,False,False,False,False,False,False,False,False,False,False,False,False,False,False,False,False,False,False,False,False,False,False,False,False,False,False,False,False,False,False,False,False,False,False,0,0
25,415,0,119.3,87,20.28,211.5,101,17.98,268.9,86,12.1,10.5,4,2.84,3,False,False,False,False,False,False,False,False,False,False,False,False,False,False,False,False,False,False,False,False,False,False,False,False,False,False,False,False,False,False,False,True,False,False,False,False,False,False,False,False,False,False,False,False,False,False,False,False,False,False,False,False,0,0
76,415,0,224.4,121,38.15,147.9,97,12.57,183.8,74,8.27,6.7,2,1.81,2,False,False,False,False,False,False,True,False,False,False,False,False,False,False,False,False,False,False,False,False,False,False,False,False,False,False,False,False,False,False,False,False,False,False,False,False,False,False,False,False,False,False,False,False,False,False,False,False,False,False,False,False,0,0
117,510,0,158.7,84,26.98,181.7,91,15.44,177.3,67,7.98,7.7,10,2.08,2,True,False,False,False,False,False,False,False,False,False,False,False,False,False,False,False,False,False,False,False,False,False,False,False,False,False,False,False,False,False,False,False,False,False,False,False,False,False,False,False,False,False,False,False,False,False,False,False,False,False,False,False,0,0
77,415,23,209.7,73,35.65,183.6,63,15.61,205.5,111,9.25,7.1,3,1.92,2,False,True,False,False,False,False,False,False,False,False,False,False,False,False,False,False,False,False,False,False,False,False,False,False,False,False,False,False,False,False,False,False,False,False,False,False,False,False,False,False,False,False,False,False,False,False,False,False,False,False,False,True,0,0
124,415,0,131.8,82,22.41,284.3,119,24.17,305.5,101,13.75,11.3,2,3.05,1,False,False,False,False,False,True,False,False,False,False,False,False,False,False,False,False,False,False,False,False,False,False,False,False,False,False,False,False,False,False,False,False,False,False,False,False,False,False,False,False,False,False,False,False,False,False,False,False,False,False,False,False,0,0
39,408,0,160.4,68,27.27,102.6,103,8.72,235.3,106,10.59,9.1,5,2.46,2,False,False,False,False,False,False,False,False,False,False,False,False,False,False,False,False,False,False,False,False,False,False,False,False,False,False,False,False,False,False,False,False,False,True,False,False,False,False,False,False,False,False,False,False,False,False,False,False,False,False,False,False,0,0
145,408,24,147.5,90,25.08,175.7,108,14.93,252.1,102,11.34,15.6,3,4.21,2,False,False,False,False,False,False,False,False,False,False,False,False,False,False,False,False,False,False,False,False,False,False,False,False,False,False,False,False,False,False,False,False,False,False,False,False,False,False,False,False,True,False,False,False,False,False,False,False,False,False,False,True,0,0
144,510,35,174.8,127,29.72,219.6,93,18.67,255.8,90,11.51,12.8,3,3.46,0,False,False,False,False,False,True,False,False,False,False,False,False,False,False,False,False,False,False,False,False,False,False,False,False,False,False,False,False,False,False,False,False,False,False,False,False,False,False,False,False,False,False,False,False,False,False,False,False,False,False,True,True,0,0
57,415,0,221.1,101,37.59,236.7,65,20.12,252.3,137,11.35,9.5,1,2.57,0,False,False,False,False,False,False,False,False,False,False,False,False,False,False,False,False,False,False,False,False,True,False,False,False,False,False,False,False,False,False,False,False,False,False,False,False,False,False,False,False,False,False,False,False,False,False,False,False,False,False,False,False,0,0
50,510,0,188.9,94,32.11,203.9,104,17.33,151.8,124,6.83,11.6,8,3.13,3,False,False,False,False,False,False,False,False,False,False,False,False,False,False,False,False,False,False,False,False,False,False,False,False,False,False,False,False,False,False,False,False,False,False,False,False,False,False,False,False,False,False,True,False,False,False,False,False,False,False,False,False,0,0
85,415,0,259.8,85,44.17,242.3,117,20.6,168.8,72,7.6,5.4,1,1.46,0,False,False,False,False,False,False,False,False,False,False,False,False,False,False,False,False,False,False,False,False,False,False,False,False,False,False,False,False,True,False,False,False,False,False,False,False,False,False,False,False,False,False,False,False,False,False,False,False,False,False,False,False,0,0
165,510,0,209.4,67,35.6,273.8,89,23.27,150.2,88,6.76,12.8,1,3.46,0,False,False,False,False,False,False,False,False,False,False,False,False,False,False,False,False,False,False,False,False,False,False,False,False,False,False,False,False,False,False,False,False,False,False,True,False,False,False,False,False,False,False,False,False,False,False,False,False,False,False,False,False,0,0
117,408,0,239.9,84,40.78,174.8,106,14.86,209.5,93,9.43,9.8,2,2.65,0,False,False,True,False,False,False,False,False,False,False,False,False,False,False,False,False,False,False,False,False,False,False,False,False,False,False,False,False,False,False,False,False,False,False,False,False,False,False,False,False,False,False,False,False,False,False,False,False,False,False,False,False,0,0
93,408,22,306.2,123,52.05,189.7,83,16.12,240.3,107,10.81,11.7,2,3.16,0,False,False,False,False,False,False,True,False,False,False,False,False,False,False,False,False,False,False,False,False,False,False,False,False,False,False,False,False,False,False,False,False,False,False,False,False,False,False,False,False,False,False,False,False,False,False,False,False,False,False,False,True,0,0
86,415,30,99.9,84,16.98,263.5,125,22.4,254.7,90,11.46,9.8,7,2.65,2,False,False,False,False,False,False,False,False,False,False,False,False,False,False,False,False,False,False,False,False,False,False,False,False,False,False,False,False,False,False,False,False,False,False,False,False,False,False,False,False,False,False,False,False,True,False,False,False,False,False,False,True,0,0
88,415,0,215.6,115,36.65,216.2,85,18.38,171.3,65,7.71,11.8,1,3.19,3,False,False,False,False,False,False,False,False,False,False,False,False,False,False,False,False,False,False,False,False,False,False,False,False,False,False,False,False,False,False,False,False,False,False,False,False,False,False,False,False,True,False,False,False,False,False,False,False,False,False,False,False,0,1
123,415,0,150.0,98,25.5,89.8,95,7.63,326.0,91,14.67,11.1,3,3.0,3,False,False,False,False,False,False,False,False,False,False,False,False,False,False,False,False,False,False,False,False,False,False,False,False,False,False,False,False,True,False,False,False,False,False,False,False,False,False,False,False,False,False,False,False,False,False,False,False,False,False,False,False,0,0
104,408,0,183.6,133,31.21,120.7,98,10.26,215.1,112,9.68,12.7,2,3.43,1,False,False,False,False,False,False,False,False,False,False,False,False,False,False,False,False,False,False,False,False,False,False,False,False,False,False,False,False,False,False,False,False,False,False,False,False,False,False,False,False,False,False,False,False,False,False,False,False,False,True,False,False,0,0
106,510,0,169.4,107,28.8,197.2,71,16.76,202.2,79,9.1,10.7,4,2.89,1,False,False,False,False,False,False,False,False,False,False,False,False,False,False,False,False,False,False,False,False,False,False,False,False,False,True,False,False,False,False,False,False,False,False,False,False,False,False,False,False,False,False,False,False,False,False,False,False,False,False,False,False,0,0
63,415,29,142.3,107,24.19,118.7,56,10.09,240.1,91,10.8,6.6,8,1.78,1,False,False,False,False,False,False,False,False,False,False,False,False,False,False,False,False,False,False,False,False,False,False,False,False,False,False,True,False,False,False,False,False,False,False,False,False,False,False,False,False,False,False,False,False,False,False,False,False,False,False,False,True,0,0
161,415,0,332.9,67,56.59,317.8,97,27.01,160.6,128,7.23,5.4,9,1.46,4,False,False,False,False,False,False,False,False,False,False,False,False,False,False,False,False,False,False,False,False,False,False,False,False,False,False,False,False,False,False,False,False,False,True,False,False,False,False,False,False,False,False,False,False,False,False,False,False,False,False,False,False,1,1
167,408,0,219.1,100,37.25,242.9,90,20.65,168.9,101,7.6,10.1,4,2.73,2,False,False,False,False,False,False,False,False,False,False,False,False,False,False,False,False,False,False,False,False,False,False,False,False,False,False,False,True,False,False,False,False,False,False,False,False,False,False,False,False,False,False,False,False,False,False,False,False,False,False,True,False,0,1
64,415,0,146.7,83,24.94,148.3,91,12.61,238.6,69,10.74,12.5,3,3.38,3,False,False,False,False,False,False,False,False,False,False,False,False,False,False,False,False,True,False,False,False,False,False,False,False,False,False,False,False,False,False,False,False,False,False,False,False,False,False,False,False,False,False,False,False,False,False,False,False,False,False,True,False,0,1
114,415,26,137.1,88,23.31,155.7,125,13.23,247.6,94,11.14,11.5,7,3.11,2,False,False,False,False,False,False,False,False,False,False,False,False,False,False,False,False,False,False,False,False,False,False,False,False,False,False,False,False,False,False,False,False,False,False,False,False,False,False,False,False,False,False,False,False,False,False,False,True,False,False,False,True,0,0
57,415,0,161.0,113,27.37,208.0,134,17.68,208.1,81,9.36,8.4,4,2.27,3,False,False,False,False,False,False,False,False,False,False,False,False,False,False,False,False,False,False,False,False,False,False,False,False,False,False,False,False,False,False,False,False,False,False,False,False,False,False,False,False,False,False,True,False,False,False,False,False,False,False,False,False,0,0
31,415,28,210.5,101,35.79,250.5,86,21.29,241.6,125,10.87,11.5,2,3.11,1,False,False,False,False,False,False,False,False,False,False,False,False,False,True,False,False,False,False,False,False,False,False,False,False,False,False,False,False,False,False,False,False,False,False,False,False,False,False,False,False,False,False,False,False,False,False,False,False,False,False,False,True,0,0
127,415,0,266.6,106,45.32,264.8,168,22.51,207.2,119,9.32,5.9,2,1.59,1,False,False,False,False,False,False,False,False,True,False,False,False,False,False,False,False,False,False,False,False,False,False,False,False,False,False,False,False,False,False,False,False,False,False,False,False,False,False,False,False,False,False,False,False,False,False,False,False,False,False,False,False,1,0
55,415,0,175.6,147,29.85,161.8,118,13.75,289.5,55,13.03,9.3,4,2.51,0,False,False,False,False,False,False,False,False,False,False,False,False,False,False,False,False,False,False,False,False,False,False,True,False,False,False,False,False,False,False,False,False,False,False,False,False,False,False,False,False,False,False,False,False,False,False,False,False,False,False,False,False,0,0
64,408,27,182.1,91,30.96,169.7,98,14.42,164.7,86,7.41,10.6,5,2.86,2,False,False,False,False,False,False,False,False,False,False,False,False,False,False,False,False,False,False,False,False,False,False,False,False,False,False,False,False,False,True,False,False,False,False,False,False,False,False,False,False,False,False,False,False,False,False,False,False,False,False,False,True,0,0
135,415,0,201.8,81,34.31,225.0,114,19.13,204.4,82,9.2,10.3,6,2.78,1,False,False,False,False,False,False,False,False,False,False,False,False,False,False,False,False,False,False,False,False,False,False,False,False,False,False,True,False,False,False,False,False,False,False,False,False,False,False,False,False,False,False,False,False,False,False,False,False,False,False,False,False,0,0
190,415,0,169.4,102,28.8,253.5,113,21.55,197.1,93,8.87,8.9,5,2.4,1,False,False,False,False,False,False,False,False,False,False,False,False,False,False,False,False,False,False,False,False,False,False,False,False,False,False,False,True,False,False,False,False,False,False,False,False,False,False,False,False,False,False,False,False,False,False,False,False,False,False,False,False,0,0
152,510,41,146.8,128,24.96,285.6,96,24.28,213.6,80,9.61,4.3,2,1.16,1,False,False,False,False,False,False,False,False,False,False,False,False,False,False,False,False,False,False,False,False,False,False,False,False,False,False,False,False,False,False,False,False,False,False,False,False,False,False,False,False,False,False,False,False,False,False,False,False,True,False,True,True,1,0
119,510,23,154.0,114,26.18,278.0,137,23.63,228.4,112,10.28,11.8,4,3.19,2,False,False,False,False,False,False,False,False,False,False,False,False,False,False,False,False,False,False,False,False,False,False,False,False,False,False,False,False,False,False,False,True,False,False,False,False,False,False,False,False,False,False,False,False,False,False,False,False,False,False,False,True,0,0
87,415,21,214.0,113,36.38,180.0,114,15.3,134.5,82,6.05,10.6,5,2.86,0,False,False,False,False,False,False,False,False,False,False,False,False,False,False,False,False,False,False,False,False,False,False,False,False,False,False,False,False,False,False,False,False,False,False,False,False,False,False,False,False,True,False,False,False,False,False,False,False,False,False,False,True,0,0
112,415,0,266.0,97,45.22,214.6,94,18.24,306.2,100,13.78,14.2,2,3.83,2,False,False,False,False,False,False,False,False,False,False,False,False,False,False,False,False,False,False,False,False,False,False,False,False,False,False,False,False,False,False,False,False,False,False,False,False,False,False,False,True,False,False,False,False,False,False,False,False,False,False,False,False,1,1
75,510,38,163.6,132,27.81,146.7,113,12.47,345.8,115,15.56,13.1,3,3.54,3,False,False,False,True,False,False,False,False,False,False,False,False,False,False,False,False,False,False,False,False,False,False,False,False,False,False,False,False,False,False,False,False,False,False,False,False,False,False,False,False,False,False,False,False,False,False,False,False,False,False,False,True,0,0
130,408,0,68.4,86,11.63,193.3,110,16.43,171.5,139,7.72,10.4,4,2.81,0,False,False,False,False,False,False,False,False,False,False,False,False,False,False,False,False,False,False,False,False,False,False,False,False,False,False,False,False,False,True,False,False,False,False,False,False,False,False,False,False,False,False,False,False,False,False,False,False,False,False,False,False,0,0
131,408,0,197.0,79,33.49,201.0,114,17.09,151.2,111,6.8,11.6,5,3.13,1,False,False,False,False,False,False,False,False,False,True,False,False,False,False,False,False,False,False,False,False,False,False,False,False,False,False,False,False,False,False,False,False,False,False,False,False,False,False,False,False,False,False,False,False,False,False,False,False,False,False,False,False,0,0
61,415,33,270.7,53,46.02,200.7,116,17.06,201.7,102,9.08,10.9,3,2.94,3,False,False,False,False,False,False,False,False,False,False,False,False,False,False,False,False,False,False,False,False,False,True,False,False,False,False,False,False,False,False,False,False,False,False,False,False,False,False,False,False,False,False,False,False,False,False,False,False,False,False,False,True,0,0
100,510,0,216.2,107,36.75,215.6,84,18.33,138.4,127,6.23,10.2,3,2.75,0,False,False,False,False,False,False,False,False,False,False,False,False,False,False,True,False,False,False,False,False,False,False,False,False,False,False,False,False,False,False,False,False,False,False,False,False,False,False,False,False,False,False,False,False,False,False,False,False,False,False,False,False,0,0
95,415,23,160.3,87,27.25,202.4,101,17.2,191.1,122,8.6,7.4,3,2.0,0,False,False,False,False,False,False,False,False,False,False,False,False,False,False,False,False,False,False,False,False,False,False,False,False,False,False,False,False,False,False,False,False,False,False,True,False,False,False,False,False,False,False,False,False,False,False,False,False,False,False,False,True,0,0
64,408,0,236.2,77,40.15,218.6,85,18.58,194.1,97,8.73,13.2,2,3.56,2,False,False,False,False,False,False,False,False,False,False,False,False,False,False,False,False,False,False,False,False,False,False,False,False,True,False,False,False,False,False,False,False,False,False,False,False,False,False,False,False,False,False,False,False,False,False,False,False,False,False,True,False,1,1
131,415,0,166.5,129,28.31,210.2,107,17.87,257.2,93,11.57,9.9,5,2.67,1,False,False,False,False,False,False,False,False,False,False,False,False,False,False,False,False,True,False,False,False,False,False,False,False,False,False,False,False,False,False,False,False,False,False,False,False,False,False,False,False,False,False,False,False,False,False,False,False,False,False,False,False,0,0
155,408,0,262.4,55,44.61,194.6,113,16.54,146.5,85,6.59,8.3,6,2.24,2,False,False,False,False,False,False,False,False,False,False,False,False,False,False,False,False,False,False,False,False,False,False,False,False,False,False,True,False,False,False,False,False,False,False,False,False,False,False,False,False,False,False,False,False,False,False,False,False,False,False,False,False,0,0
92,510,29,155.4,110,26.42,188.5,104,16.02,254.9,118,11.47,8.0,4,2.16,3,False,False,False,False,False,False,False,False,False,False,False,False,False,False,False,False,False,False,False,False,False,False,False,False,False,False,False,False,False,False,True,False,False,False,False,False,False,False,False,False,False,False,False,False,False,False,False,False,False,False,False,True,0,0
90,415,0,200.9,92,34.15,164.3,91,13.97,249.0,98,11.21,8.9,7,2.4,1,False,False,False,False,False,False,False,False,False,False,False,False,False,False,False,False,False,False,False,False,False,False,False,False,False,False,False,False,False,False,False,False,False,False,False,False,False,False,False,False,False,False,False,False,False,False,False,True,False,False,False,False,0,0
65,415,0,213.4,111,36.28,234.5,94,19.93,250.1,123,11.25,2.7,4,0.73,1,False,False,False,False,False,False,False,False,False,False,False,False,False,False,True,False,False,False,False,False,False,False,False,False,False,False,False,False,False,False,False,False,False,False,False,False,False,False,False,False,False,False,False,False,False,False,False,False,False,False,False,False,0,0
204,510,0,205.2,145,34.88,154.8,95,13.16,191.4,77,8.61,14.1,5,3.81,3,False,False,False,False,False,False,False,False,False,False,False,False,False,False,False,False,False,False,False,True,False,False,False,False,False,False,False,False,False,False,False,False,False,False,False,False,False,False,False,False,False,False,False,False,False,False,False,False,False,False,False,False,0,0
148,408,0,243.0,115,41.31,191.8,91,16.3,117.8,93,5.3,13.4,5,3.62,2,False,False,False,False,False,False,False,False,False,False,False,False,False,False,False,False,False,False,False,False,False,False,False,False,False,False,False,False,False,False,False,False,False,False,False,False,False,False,False,False,False,False,False,False,False,False,False,False,False,True,False,False,0,0
65,415,0,211.3,120,35.92,162.6,122,13.82,134.7,118,6.06,13.2,5,3.56,3,False,False,False,False,False,False,False,False,False,False,False,False,False,False,False,False,False,False,False,False,False,True,False,False,False,False,False,False,False,False,False,False,False,False,False,False,False,False,False,False,False,False,False,False,False,False,False,False,False,False,False,False,0,0
72,510,0,287.4,116,48.86,235.3,126,20.0,292.1,114,13.14,5.0,3,1.35,4,False,False,False,False,False,False,False,False,False,False,False,False,False,False,True,False,False,False,False,False,False,False,False,False,False,False,False,False,False,False,False,False,False,False,False,False,False,False,False,False,False,False,False,False,False,False,False,False,False,False,False,False,1,1
106,408,29,83.6,131,14.21,203.9,131,17.33,229.5,73,10.33,8.1,3,2.19,1,True,False,False,False,False,False,False,False,False,False,False,False,False,False,False,False,False,False,False,False,False,False,False,False,False,False,False,False,False,False,False,False,False,False,False,False,False,False,False,False,False,False,False,False,False,False,False,False,False,False,False,True,0,0
105,510,0,246.4,83,41.89,256.2,101,21.78,169.0,151,7.61,3.8,4,1.03,0,False,False,False,False,False,False,False,False,False,False,False,False,False,False,False,False,False,False,False,False,False,False,False,False,False,False,False,True,False,False,False,False,False,False,False,False,False,False,False,False,False,False,False,False,False,False,False,False,False,False,False,False,0,0
124,415,30,144.5,35,24.57,262.3,101,22.3,226.5,82,10.19,12.0,7,3.24,2,False,False,False,False,False,False,False,False,False,False,False,False,False,False,False,False,False,False,False,False,False,False,False,False,False,True,False,False,False,False,False,False,False,False,False,False,False,False,False,False,False,False,False,False,False,False,False,False,False,False,False,True,0,0
54,415,39,206.9,143,35.17,127.8,72,10.86,199.2,120,8.96,9.2,1,2.48,3,False,True,False,False,False,False,False,False,False,False,False,False,False,False,False,False,False,False,False,False,False,False,False,False,False,False,False,False,False,False,False,False,False,False,False,False,False,False,False,False,False,False,False,False,False,False,False,False,False,False,False,True,0,0
55,408,39,139.3,101,23.68,178.3,117,15.16,246.5,104,11.09,8.1,1,2.19,3,False,False,False,False,False,False,False,False,False,False,False,False,False,False,False,False,False,False,False,False,False,False,False,False,False,False,False,False,False,False,False,False,False,False,False,False,False,False,False,False,False,False,False,False,False,False,False,False,False,False,False,True,0,0
73,415,0,182.3,115,30.99,199.2,97,16.93,120.2,113,5.41,18.0,5,4.86,1,False,False,False,False,False,False,False,False,False,False,False,False,False,False,False,False,False,False,False,False,False,False,False,False,False,False,False,False,False,False,False,False,False,False,False,False,False,False,False,False,False,False,False,True,False,False,False,False,False,False,False,False,0,0
123,408,0,224.0,99,38.08,210.7,80,17.91,231.9,75,10.44,2.1,5,0.57,0,False,False,False,False,False,False,False,False,False,False,False,False,False,False,False,False,False,False,False,False,False,False,False,False,False,False,False,False,False,True,False,False,False,False,False,False,False,False,False,False,False,False,False,False,False,False,False,False,False,False,False,False,0,0
91,510,0,149.0,115,25.33,245.3,105,20.85,260.0,94,11.7,8.3,3,2.24,0,False,False,False,False,False,False,False,False,False,False,False,False,False,False,False,False,False,False,False,False,False,False,False,False,False,False,False,False,False,False,False,False,False,False,False,False,False,False,False,False,True,False,False,False,False,False,False,False,False,False,False,False,0,0
81,415,0,324.7,48,55.2,236.4,82,20.09,187.6,78,8.44,13.1,5,3.54,0,False,False,False,False,False,False,False,False,False,False,False,False,False,False,False,False,False,False,False,False,False,False,False,False,False,False,False,False,False,False,False,False,False,False,False,False,True,False,False,False,False,False,False,False,False,False,False,False,False,False,False,False,1,0
83,415,0,178.8,102,30.4,167.9,84,14.27,178.9,65,8.05,8.6,4,2.32,3,False,False,False,False,False,False,False,False,False,False,False,False,False,False,False,False,False,False,False,False,False,False,False,False,False,False,False,False,False,False,True,False,False,False,False,False,False,False,False,False,False,False,False,False,False,False,False,False,False,False,False,False,0,0
19,415,0,201.5,123,34.26,129.2,110,10.98,220.6,98,9.93,12.9,4,3.48,1,False,False,False,False,False,False,False,False,False,False,False,False,False,False,False,False,False,False,False,False,True,False,False,False,False,False,False,False,False,False,False,False,False,False,False,False,False,False,False,False,False,False,False,False,False,False,False,False,False,False,False,False,0,0
34,415,14,151.5,100,25.76,248.7,126,21.14,199.8,120,8.99,10.7,5,2.89,2,False,False,False,False,False,False,False,False,False,False,False,False,False,False,False,False,False,False,False,False,False,False,False,False,False,True,False,False,False,False,False,False,False,False,False,False,False,False,False,False,False,False,False,False,False,False,False,False,False,False,False,True,0,0
80,408,0,118.1,90,20.08,144.3,77,12.27,225.1,86,10.13,8.2,6,2.21,1,False,False,False,False,False,True,False,False,False,False,False,False,False,False,False,False,False,False,False,False,False,False,False,False,False,False,False,False,False,False,False,False,False,False,False,False,False,False,False,False,False,False,False,False,False,False,False,False,False,False,False,False,0,0
112,510,0,174.5,127,29.67,259.3,71,22.04,170.5,120,7.67,11.3,7,3.05,1,False,False,False,False,False,False,False,False,False,False,False,False,False,False,False,False,False,True,False,False,False,False,False,False,False,False,False,False,False,False,False,False,False,False,False,False,False,False,False,False,False,False,False,False,False,False,False,False,False,False,False,False,0,0
139,510,0,134.4,106,22.85,211.3,98,17.96,193.6,125,8.71,10.2,2,2.75,5,False,False,False,False,False,False,False,False,False,False,False,False,False,False,False,False,False,False,False,False,False,False,True,False,False,False,False,False,False,False,False,False,False,False,False,False,False,False,False,False,False,False,False,False,False,False,False,False,False,False,False,False,1,0
163,408,0,223.0,120,37.91,227.0,98,19.3,188.3,125,8.47,8.8,5,2.38,1,False,False,False,False,False,False,False,False,False,False,False,False,False,False,False,False,False,False,False,True,False,False,False,False,False,False,False,False,False,False,False,False,False,False,False,False,False,False,False,False,False,False,False,False,False,False,False,False,False,False,False,False,0,0
79,510,31,103.1,90,17.53,243.0,135,20.66,76.4,92,3.44,12.2,8,3.29,3,False,False,False,False,False,False,False,False,False,False,False,False,False,False,False,False,False,False,False,True,False,False,False,False,False,False,False,False,False,False,False,False,False,False,False,False,False,False,False,False,False,False,False,False,False,False,False,False,False,False,False,True,0,0
217,408,0,176.4,115,29.99,158.8,128,13.5,306.6,107,13.8,9.3,3,2.51,4,False,False,False,False,False,False,False,False,False,False,False,False,False,False,False,False,False,False,False,False,False,False,False,False,False,False,False,False,False,False,False,False,False,False,False,False,False,False,False,False,False,False,True,False,False,False,False,False,False,False,False,False,0,1
89,510,0,303.9,95,51.66,260.9,114,22.18,312.1,89,14.04,5.3,3,1.43,1,False,False,False,False,False,False,False,False,False,False,False,False,False,False,False,False,False,False,False,False,False,False,False,False,False,False,False,False,False,False,False,False,False,False,False,True,False,False,False,False,False,False,False,False,False,False,False,False,False,False,False,False,1,1
161,415,0,151.6,117,25.77,219.4,87,18.65,224.7,68,10.11,4.0,5,1.08,1,False,False,False,False,False,False,False,False,False,False,False,False,False,False,False,False,False,False,False,False,False,False,False,False,False,False,False,False,False,False,False,False,False,False,False,False,False,False,False,False,False,False,False,False,False,False,True,False,False,False,False,False,0,0
149,415,20,147.8,132,25.13,276.8,94,23.53,149.9,110,6.75,10.2,6,2.75,0,False,False,False,False,False,False,False,False,False,False,False,False,False,False,False,False,False,False,False,False,False,False,False,False,False,False,False,False,False,False,False,False,False,False,False,False,False,False,False,True,False,False,False,False,False,False,False,False,False,False,False,True,0,0
99,408,0,128.8,86,21.9,203.9,105,17.33,282.6,131,12.72,14.1,4,3.81,2,False,False,False,False,False,False,False,False,False,False,False,False,False,False,False,False,False,False,False,False,False,False,True,False,False,False,False,False,False,False,False,False,False,False,False,False,False,False,False,False,False,False,False,False,False,False,False,False,False,False,False,False,0,0
79,510,0,157.6,85,26.79,194.1,92,16.5,231.5,86,10.42,9.4,10,2.54,5,False,False,False,True,False,False,False,False,False,False,False,False,False,False,False,False,False,False,False,False,False,False,False,False,False,False,False,False,False,False,False,False,False,False,False,False,False,False,False,False,False,False,False,False,False,False,False,False,False,False,False,False,1,1
112,415,0,168.6,102,28.66,298.0,117,25.33,194.7,110,8.76,9.8,5,2.65,1,False,False,False,False,False,False,False,False,False,False,False,False,False,False,False,False,False,False,False,False,False,False,False,False,False,False,False,False,False,False,False,False,False,False,False,False,False,False,True,False,False,False,False,False,False,False,False,False,False,False,False,False,0,0
108,415,0,199.3,104,33.88,224.2,92,19.06,140.1,57,6.3,15.2,2,4.1,0,False,False,False,False,False,False,False,False,False,False,False,False,False,False,True,False,False,False,False,False,False,False,False,False,False,False,False,False,False,False,False,False,False,False,False,False,False,False,False,False,False,False,False,False,False,False,False,False,False,False,False,False,0,0
127,408,0,146.7,91,24.94,203.5,78,17.3,203.4,110,9.15,13.7,3,3.7,1,False,False,False,False,False,False,False,False,False,False,False,False,False,False,False,False,False,False,False,False,False,False,False,False,False,False,False,False,False,False,False,False,False,False,False,False,False,False,False,False,False,False,False,False,False,False,True,False,False,False,False,False,0,0
107,510,25,248.6,91,42.26,119.3,115,10.14,194.3,83,8.74,12.0,1,3.24,1,False,False,False,False,False,False,False,False,False,False,False,False,False,False,False,False,False,False,False,False,False,False,False,False,False,False,False,False,False,False,False,False,False,False,False,False,False,False,False,False,False,False,False,False,False,False,False,True,False,False,False,True,0,0
125,408,0,113.0,108,19.21,169.2,107,14.38,156.6,61,7.05,9.2,5,2.48,2,False,False,False,False,False,False,False,False,False,False,False,False,False,False,False,False,False,False,False,False,False,False,False,False,False,False,False,False,False,False,False,False,False,False,False,False,False,False,True,False,False,False,False,False,False,False,False,False,False,False,False,False,1,0
101,415,0,231.3,87,39.32,224.7,88,19.1,214.6,69,9.66,7.2,7,1.94,1,False,False,False,False,False,False,False,False,False,False,False,False,False,False,False,True,False,False,False,False,False,False,False,False,False,False,False,False,False,False,False,False,False,False,False,False,False,False,False,False,False,False,False,False,False,False,False,False,False,False,False,False,0,0
109,408,0,222.2,113,37.77,218.5,122,18.57,266.0,88,11.97,10.9,5,2.94,1,False,False,False,False,False,False,False,False,False,False,False,False,False,False,False,False,False,False,False,False,False,False,False,False,False,False,False,False,False,False,False,False,False,False,False,False,False,False,False,False,False,False,False,False,False,True,False,False,False,False,False,False,0,0
32,415,31,232.8,97,39.58,183.5,111,15.6,206.8,111,9.31,13.0,2,3.51,0,False,False,False,False,False,False,False,False,False,False,False,False,False,False,False,False,False,False,False,False,False,False,False,False,False,False,False,False,False,False,False,False,False,False,True,False,False,False,False,False,False,False,False,False,False,False,False,False,False,False,False,True,0,0
95,510,41,136.8,91,23.26,200.8,61,17.07,133.7,67,6.02,10.3,9,2.78,5,False,False,False,False,False,False,False,False,False,False,False,False,False,False,False,False,False,False,False,False,False,False,False,False,False,False,False,False,False,False,False,False,False,False,False,False,False,False,False,False,False,False,False,False,False,True,False,False,False,False,True,True,1,0
113,415,0,215.9,93,36.7,240.1,85,20.41,156.7,123,7.05,4.9,5,1.32,3,False,False,False,False,False,False,False,False,False,False,False,False,False,False,False,False,False,False,False,False,False,False,False,False,False,True,False,False,False,False,False,False,False,False,False,False,False,False,False,False,False,False,False,False,False,False,False,False,False,False,False,False,0,1
81,415,0,153.5,99,26.1,197.6,102,16.8,198.5,86,8.93,6.3,2,1.7,2,False,False,False,False,False,False,False,False,False,False,False,False,False,False,False,False,False,False,False,False,False,True,False,False,False,False,False,False,False,False,False,False,False,False,False,False,False,False,False,False,False,False,False,False,False,False,False,False,False,False,False,False,0,0
165,415,33,111.6,140,18.97,213.3,111,18.13,267.6,115,12.04,16.0,3,4.32,0,False,False,False,False,False,False,False,False,False,False,False,False,False,False,False,False,False,False,False,False,False,False,False,False,False,False,False,False,False,False,False,False,False,False,False,False,True,False,False,False,False,False,False,False,False,False,False,False,False,False,False,True,0,0
111,408,13,193.1,104,32.83,111.6,98,9.49,227.4,94,10.23,12.1,4,3.27,1,False,False,False,False,False,False,False,False,False,False,True,False,False,False,False,False,False,False,False,False,False,False,False,False,False,False,False,False,False,False,False,False,False,False,False,False,False,False,False,False,False,False,False,False,False,False,False,False,False,False,False,True,0,0
130,408,0,115.6,129,19.65,167.8,104,14.26,141.8,124,6.38,12.6,9,3.4,1,False,False,False,False,False,False,False,False,False,False,False,False,False,False,True,False,False,False,False,False,False,False,False,False,False,False,False,False,False,False,False,False,False,False,False,False,False,False,False,False,False,False,False,False,False,False,False,False,False,False,False,False,0,0
86,408,0,83.8,121,14.25,240.2,96,20.42,158.6,108,7.14,6.7,8,1.81,1,False,False,False,False,False,False,False,False,False,False,False,False,False,False,False,False,False,False,False,False,False,False,False,False,False,False,False,False,True,False,False,False,False,False,False,False,False,False,False,False,False,False,False,False,False,False,False,False,False,False,False,False,0,0
38,408,36,115.4,98,19.62,166.2,83,14.13,184.7,79,8.31,15.2,6,4.1,2,False,False,False,False,False,False,False,False,False,False,False,False,False,False,False,False,True,False,False,False,False,False,False,False,False,False,False,False,False,False,False,False,False,False,False,False,False,False,False,False,False,False,False,False,False,False,False,False,False,False,False,True,0,0
13,415,0,146.4,74,24.89,148.5,92,12.62,216.7,96,9.75,11.3,3,3.05,1,False,False,False,False,False,False,False,False,False,False,False,False,False,False,False,False,False,False,False,False,False,False,False,False,False,False,False,False,False,False,False,False,False,False,False,False,False,False,False,False,False,False,False,False,False,False,False,False,True,False,False,False,0,0
95,408,0,135.0,99,22.95,183.6,106,15.61,245.3,102,11.04,12.5,9,3.38,1,False,False,False,False,False,False,False,False,False,False,False,False,False,False,False,False,True,False,False,False,False,False,False,False,False,False,False,False,False,False,False,False,False,False,False,False,False,False,False,False,False,False,False,False,False,False,False,False,False,False,False,False,0,0
